[
  {
    "id": "page-home",
    "slug": "home",
    "title": "Home",
    "content": "Welcome to our website. We build modern web experiences.",
    "updated": "2025-09-01"
  },
  {
    "id": "page-services",
    "slug": "services",
    "title": "Services",
    "content": "Learn about our range of services.",
    "updated": "2025-09-01"
  },
  {
    "id": "page-about",
    "slug": "about",
    "title": "About",
    "content": "Learn about our mission and team.",
    "updated": "2025-09-01"
  }
]