[
  {
    "id": "1",
    "slug": "welcome-to-our-blog",
    "title": "Welcome to Our Blog",
    "excerpt": "Discover insights into modern web development, design trends, and tips to improve your online presence.",
    "content": "### Welcome to Our Blog\n\nWe’re excited to share tips, news, and insights on all things web. Stay tuned for more posts coming soon!\n",
    "date": "2025-09-01"
  },
  {
    "id": "2",
    "slug": "why-headless-cms",
    "title": "Why Use a Headless CMS?",
    "excerpt": "Headless content management gives you flexibility and performance. Learn the benefits and how to get started.",
    "content": "### Why Choose Headless?\n\nTraditional CMS platforms tightly couple the front end and back end. A headless CMS decouples content management from presentation, giving you more freedom to build fast, modern sites.\n\n**Benefits include:**\n\n- Flexibility in front‑end frameworks\n- Improved performance and scalability\n- Better developer experience\n\nFor our site we chose Notion as a simple yet powerful headless CMS.\n",
    "date": "2025-09-15"
  }
]